7a0966ae6401d529f63a21708059f12bb838c8d0	feat(ios): apply R3 A theme and core navigation
12c92452a72a8b501171228532172d059d802343	feat(ios): clarify chat composer and message presentation
d077e02b1340cd5996196fcd6bd247fd43b28134	feat(ios): wire AUTH-A1 identity flows and native regression coverage
7f0b8a49966efd8d61a6e84151b3e2429266f586	fix(ios): keep original account login independent of AUTH endpoints
f93235f953b8cab2171c1ab6bb130ccf98a1b53b	fix(ios): retire old login after password change outcome
9f591cc78eddea8f2ef3e97746def55939bdb185	fix(ios): make login credential settings read-only
8712f7b305f197411f1803efc23b21a6187a2e08	fix(ios): bind destructive chat actions to explicit intent and account
df372b1510569b20d3d40a2c82f4e67fe55cfaae	fix(ios): preserve license text while removing invalid XML controls
b0565267689414f5642c7b8274062501196c57d2	style: remove trailing blank lines from new verification files
62ce8470cd3b3cd344dd003406e835f48aa39cad	fix(ios): persist and display public alias before legacy basic tags
ae88055d55b81fb10eba6ec27d2a180cdf029943	fix(ios): pass explicit credential argument to token login
adf55d14098cf58d3c22a7a2c788a7c6dfc76652	feat(ios): apply D1 layouts to contacts and personal profile
ff6487e848eba42c0eb0a421b271444c8ed7d419	fix(ios): clarify group dissolution history and saved-copy scope
4681442909d9e1495c42d99695a40cbc60f12eba	fix(ios): distinguish unavailable credentials from unbound identities
69e2b80f7223a17ea8449cc770c6265f7023d777	fix(ios): keep legacy SDK login independent of AUTH transport
34da10e566ee3e61fdafa80ba140e65aeaf1a875	ci(ios): capture bounded cold-launch simulator evidence
e67e68fefc65f0886aaabcecec079e280a277825	docs(ios): record committed shell syntax verification
557d90092a52d02f89409b90396a788300528e61	test(auth): separate disabled capability and legal prerequisites
8927c053a0360a767a13cdd87bb600c265fde9b9	fix(contacts): bind public directory results to exact query and owner
fd7d0c52fffedde0e773c6a97521daa59181b91f	diagnostic(db): preserve safe initializer stage and error codes
61fd4ae482a65cbb465c455805fc792b8de350a1	fix(contacts): bound legacy public basic lookup to server lengths
80d17a0f50e6cfe67e772d5970de58b7dbe0eb5e	fix(account): bind logout confirmations and delete callbacks to owner
a02c61c7ef033fe17fbb4f3b95b0db6afad5cbf2	fix(contacts): retain current account contacts while offline
1be51a5b6fcc846f825d22064e58130f763c7868	fix(sdk): log a fixed inbound packet event
3f3d438d70dce742ea91bdf231c34699a18e26e4	fix(ui): use supported UISearchBar searchTextField API
f3043d923aa0f0c996b6a2967a9d2c33acefb435	fix(sdk): keep receive failure logs free of error text
4cb9f496b2a458bb813c4d5e6c1d787dc18c88ae	docs: seal R3 source patch and CI5 failure evidence
4821062e9cf503c35137e8150d7c93813077c687	db: capture live numeric initialization errors without retry
f8035d34809acb5fc7e912f010b56f98d00af8aa	docs: audit six secondary UI routes and recovery gaps
f46c9f085528db4c99acc2d35f7f13e2fa1f3db8	fix: save private group notes as scoped metadata deltas
003a1df9cfa5b4699540e160b390a8edd10bb3d5	test: preserve nullable SQLite errors and repeat isolated migration races
547dc97da2069a3fd373076fe1227e245b2f474a	Clarify chat information and private note labels
c6095b620170ef78b53ab43c998a1c3252479081	Align chat information copy source assertion
9ffdf84f26d55e6a154442e17fc749f8bc9c3f90	Recover notification permissions using actual system authorization state
3c21ce0048108c356bee08e5f7dfdbdf0cde4328	Recover image and file previews with account-scoped media and safe sharing
a5d95cbbfc609d34f9b24aa62cfbbbd72e7d3a51	Serialize each database initialization lifecycle with a reentry-safe path gate
7bacc0dd7f0dfc3660b12c624cfcae4665ff9a7f	Disambiguate Kingfisher image resources in preview and native test
810475713f1cddbe3ecd960d48345dc10cfefb3e	Scope shared media consumers to captured account sessions
d61855fd1534cb864fb5f6848eec3fa1b7dcce4a	Boot only the tested available simulator before cold-launch smoke
805dbf3181ec6dfb3796b9a3164a808e655b4710	Require the exact account deletion ACK before local cleanup
4da8391b19ebe03d4a4ed7d4fb21ae428a89167e	Clarify account deletion consequences and default to cancel
6bf302b9fdeb3d6778d7712f63bea04e9cb934ae	Make confirmed account local cleanup atomic and observable
d381e074fd1ede395f6c21a658f37020661acd78	Keep registration and password recovery in one accessible login row
aa221f1f633292474e7e97d201e7f9c30d495c45	Seal cumulative R3 source patch and exact native inventory
3f4cd710e7ab9430c22f581a4055ced3df3ea61d	Record source-only whitespace validation for the preserved patch
579014ccf4f95922aa53502f631d6d3c5544e4b3	Include required control timestamp in account deletion fixtures
a06f49a353b7a115edca64dc11526a1243859597	test(ios): exercise offline identity navigation in simulator app
56c4a7f609cd0103a9b26604fb404d319f97ed48	test(ci): verify cold-start process absence and export UI screenshots
5eddfbe5ec5d37ce312623afe81ddf261ad44b5a	docs(ios): record CI13 layers and CI14 smoke candidate
06fc9aa0b8066715584cc75d4b68010a4c9372cb	docs(ios): normalize smoke handoff EOF
036375fb19770fbabe9122490900665a37a63996	docs(ios): inventory final 56c4a7f safe patch candidate
65e689554702cc81d4baae33ba8b007d7c8273dd	fix(auth): distinguish capabilities connection failure
e90332a417b722baabd8c71b60901f530e06b0aa	test(ios): capture secure input and keyboard evidence
5392b082d17d1ac050849b083f1b9d1e8373cba4	docs(ios): audit video ownership and export boundaries
74075fec5334a1e2325b2b194974828afdd6f2f3	fix(media): isolate owned video download and safe sharing
8ea07991ccb35dbe3f16378d5235a5f6f5124e4f	docs(ios): plan video preview UI from current source and Figma
1125ef87b14b24343dd1d3f7825cc8c28a9867f1	feat(ios): clarify video playback and sharing controls
1f24a88bfb7510d5af17e90e80e33f06fe9aec69	docs(ios): preserve CI16 boot readiness timeout evidence
e6e07aff8215ea003312a518d6f83e0c1da0ee84	ci(ios): preserve bounded simulator boot timeout diagnostics
e44e6040df265546bc426d1b15c397c3075fa4c0	docs(r3): seal e6e07aff safe cumulative patch and recovery evidence
8b8108509319131340ecab9cdf95fe28460eef5b	docs(r3): record verified CI17 result without changing source package
06553a0df3574db0468cfff27223f660be3d4e4d	docs(r3): bound VLC playback audit and native probe proposal
5a3f62ba84f769e1e198b64f34cbeb14f8f34b56	docs(r3): align sealed package status with CI17 evidence
ef50ca3afed19781186fc5c79d5617521eaf2909	test(ios): probe real VLC loopback playback behavior
9d3a4b4b0d1c369e11b0205b27ef5255e8737a6e	ci(ios): preserve original VLC probe attachments and hashes
af6d85c81893cb689607fdeb0b9f266c8cc24d25	ci(ios): read installed VLC evidence from matching lockfiles
c1338e7bc22f5ebc5f5e3c9d3edad9d7a6f7eb88	docs(ios): bound voice lifecycle reliability proposal
6e5670f0475b70b51256cdfa1a2588bbefd988f0	test(ios): host real VLC probes in isolated foreground app
c0971f929dc3550683817a59cb768fb389a3fc1f	fix(ios): use server reference after audio upload completes
63b8fe4ae4092311745a5159ea523e90ed82857d	Isolate VLC probe linker flags from application pods
57524056d641d1bcea3144b9b3dea7330332d666	Bind voice recording and audio handoff to original page session
4f052294bea06f41eccd0da85789fe2e14eea664	Clean recording source after data handoff and retain failed cleanup
785461b2006dbc0260472ebfe3cd36907fcbca27	Read serialized Xcodeproj linker flags and prove empty test configs
1c88c77166b9e97fc874c3902b55feab0193612e	docs(ios): map bounded voice panel UI implementation
32f0ca4ef5a7aaaacce840e022a24b9b22b1fb6c	fix(ios): describe available audio upload recovery
49029978c855290e525eb034072e379ba7c80856	fix(ios): reset recording controls before the first gesture safely
09408df45b2ad28864ac98f4c422ecf2a7fbb389	fix(ios): unwrap audio reply copy before appending payload
0a7ba4470318e72064fe753ad2434b8a11329e72	fix(ios): bind gesture snapshot before moving recording controls
e6d0aa978daf6c2aa92f88e88deb2060658226f9	feat(ios): present owned voice recording states in accessible panel
7e12f3b4997bf80bb37629bfca809638f98b41c1	docs(ios): seal voice panel unit and cumulative safe source patch
758b062e2f291219882b3a45773509ed90077a92	test(ios): correlate VLC 403 observations with completed fixture responses
fce1f160148796035c1dd43c4c329f0a055f1c36	docs(ios): bound owned video playback implementation and regressions
abc23071b23671323d7bce89340ea6ffb513cb3b	fix(ios): access nonoptional VLC playback time
76d0fe1062402a311a6e4e9378b7ee8d1639a3f1	fix(ios): prepare owned video files and retain asynchronous stop responsibility
49194cc56f5c1dfd894efd9a9be6877560e219d3	test(ios): bind new playback probes to the actual XCTest class
8a70af53f8a4670b15e4e3d9d0e6a326c2680cef	docs(ios): seal owned-video candidate and verified forward patches
4b5ab7398cf70e153eaaf08dd09cb79cefb20ece	test(ios): complete the monotonic observation deadline without tolerance
d45cbeacda88b0d7c9a371c95579e63d60153f82	test(ios): host original voice component and XIB in app
78e98da2eac4b956477621799f81275d38ac2fcd	docs: review CI26 original VLC measurements and bounded outcomes
13318b374709aa5f160374111a6954477a627a3c	test: match mutable UIKit recognizer state override
e1ed950147233f8e9df05ad025e5e356d0097dae	fix: unify send button appearance and await component readiness
1a9f978636f29d9a42132e14463c5a576b53af65	fix(ios): label new group comment as private remark
603476bf93b652821af7f83afdba00bb023c3cf4	fix(ios): keep missing public profile labels free of internal IDs
1b20ec2971061dbc002d1748f0f252d87b69d0f7	test(ios): enter real editing before checking send presentation
